Lance,Evans,icastillo@example.com,VG(4YkyzX4
Stephen,Scott,vgarrett@example.org,i+pbf7LvuD
Cassandra,James,tmatthews@example.org,_u$8DUjUGn
James,Hill,ytucker@example.org,O_in3iWb6^
Shannon,Galloway,jennifer84@example.net,8&0WKF9avk
Christina,Stevens,dawn61@example.com,r8WXNn!O@g
Tonya,Young,jennifertucker@example.org,#!*0I6kc7x
Pamela,Montoya,icarroll@example.net,FtHPj5^A+4
Christopher,Turner,luis10@example.org,(J^2_Zw1#C
Brandon,Lopez,amber88@example.net,1^3Pi9zi#_
James,Anderson,crystal14@example.org,!3!BLf8CJn
Gabriel,Rogers,langcharles@example.com,*R3J0G$a*@
Katie,Burch,april32@example.net,YJ7GswvI3&
Gary,Shields,fhill@example.com,()Z2E1okZ%
Amber,Moore,annmoore@example.net,Zm6AEopWS#
Ashley,Rodriguez,carolynmullins@example.org,U_^94A%nfu
Samantha,Klein,megancurtis@example.net,GLj3DhYQ^m
Daniel,West,ashley65@example.com,oL$3%Aaf*H
Kimberly,Davis,richard24@example.net,3JyAFK@d$^
Carla,Gross,zmartinez@example.net,Ex4hgLjX)9
William,Hines,donna54@example.org,^O^QND8f+4
Jason,Rivera,elizabethhartman@example.org,Zh9Y3sAfi*
Teresa,Williams,xmahoney@example.com,%uvFYN1GJ5
Curtis,Salinas,cheryl04@example.org,PD_s0Az$EE
Daniel,Harrison,nicholas36@example.org,qyLvgFLL_2
Angela,Woodard,cassandrashields@example.org,w^3yP5CPpm
Michael,Shaw,rgarza@example.com,$771vCfZH(
Teresa,Hull,andradejames@example.net,r1#47wFm@r
Tonya,Bradley,burtonjoshua@example.net,U@&4)BZj4Y
Debra,Cherry,tcarlson@example.org,cST6AvKbI%
Noah,Rivas,gina99@example.net,&2mLvsM4o#
Elizabeth,Barnes,stevenbrowning@example.net,B4ZXnNpD)r
Donna,Gonzalez,davidadams@example.net,ko0A2*DjU^
Teresa,Fischer,justinjennings@example.net,@8Cq%iWHZz
James,West,hwhite@example.net,8m!+^Rp4!n
Kara,Griffin,ugardner@example.net,L2K)BmHb@T
Robert,Flores,allenanna@example.net,%W9K8Jg48j
James,Perez,diazkeith@example.net,*0N*khMsH5
Shawn,Ross,roblesandrew@example.com,)E$U_7Tn%_
Cristian,Carpenter,samuelporter@example.org,BJG^X4Ou%3
Jason,Rivera,floresjasmine@example.net,^7p58oHu_G
Emily,Wright,stewartmary@example.org,oqD6mBQl+!
Michael,Mendoza,thomasfowler@example.com,p99BACxK!g
Sheila,Mclean,smithjacqueline@example.net,C^8ODBiMHP
Robert,Flores,charlessarah@example.org,X#9G1yg5uq
Stacey,Rodriguez,mendozaallen@example.org,gH5*9IEix*
Stephanie,Smith,wboyd@example.org,7mgp8Mi%%C
Richard,Baker,lisamercado@example.org,EMO79^6qO&
Jamie,Davis,powelldarren@example.com,dAM1XAwk_(
Courtney,Thomas,conniekennedy@example.org,95SNzk$C_N
Debra,Gill,emma44@example.com,#uP2rEUoj3
Maria,Donovan,kcisneros@example.net,hC6Trx_6&2
Elizabeth,Williams,jwhite@example.org,tTr&1Uer+&
Amanda,Singh,gary63@example.org,pS8YUwjX$4
Stephanie,Ortiz,charlesmark@example.com,#e(C1pwV7M
Brittney,Graham,gutierrezcaitlin@example.com,e7k_H@If(@
Kaitlyn,Lopez,pamelamelton@example.net,+5@bK6uVva
Erin,Cunningham,hamiltonderek@example.org,#r3Hgnyjm+
Troy,Johnson,edwardjones@example.net,)^_e4EDuvj
Allison,Marsh,david12@example.net,^YvF!6WtdK
Adam,Davis,christianmaria@example.net,^fU*Y9+@i3
Brent,Williams,delacruztiffany@example.com,9p0C5rC_%$
Robert,Brooks,annacruz@example.com,#08HdH5T^Y
Joseph,Dean,lukechapman@example.com,*!55Xa^%ke
Michael,White,jenniferkane@example.org,+W8Ip&zl4r
Brenda,Sampson,lynn67@example.org,)vjFYpklE5
Christine,Ritter,ashleyvalencia@example.com,_j^KBJNg0G
Melanie,Edwards,dawn19@example.net,$*R7VUz1s+
Isabella,Mendoza,pwilliams@example.net,Y)b1LUzy*G
Natalie,Johnson,katherinefowler@example.com,Bdy8E!Q&$0
Alexander,Shannon,lwilson@example.com,#bG^Wvtq80
Jason,Jackson,diazcourtney@example.com,bRM#11WeKf
David,Wright,jameswarren@example.org,%1HL)$gdsT
Kaylee,Carpenter,martinmichael@example.org,Sc%0TcBw6+
Mark,Smith,martha90@example.net,iUVqr)f4^6
Leslie,Tucker,christinemyers@example.com,+!A!bOoH6%
Mary,Sullivan,josephcrawford@example.com,y$*893TkBp
Emily,Miller,hannahwest@example.com,)^YekxYs1N
John,Dominguez,amber98@example.org,+r*GxFFeC9
Alexandra,Walker,greerdakota@example.com,^0&6zLAl56
Alexis,Phillips,kellyevelyn@example.net,p*662RKzVL
Amy,Miles,pettybrent@example.net,@6Z4R7eaP5
Joseph,Lopez,melaniejones@example.com,+wl6TrvPgE
Kevin,Jenkins,tiffany72@example.net,#_C4BC5qME
Raymond,Greene,matthew78@example.org,fd0Q5K9kz!
Donald,Moran,paynesteven@example.net,^#4XU08o0f
Natalie,Sutton,nshaw@example.com,_2DVMkJcZr
Aaron,Carlson,callen@example.org,_ScJQ)rj&7
Jeffrey,Vega,arnoldwesley@example.org,!_4EHQid%w
Julia,Joseph,fosterjulia@example.org,@r9OdmVG%4
Madison,Wilcox,christina23@example.com,!jz!VC7L(9
Monica,Blanchard,williamstyler@example.net,+xLV)Rsa3w
Deborah,Faulkner,angelajackson@example.net,%NqE*mn!Y6
Manuel,Villegas,wrightchristopher@example.com,xA9#0Ff%0m
Timothy,Collins,keithmendoza@example.org,q8TEuq2L)g
Spencer,Mcintyre,sbrooks@example.com,U%Nl(Byg_7
Cassidy,Peterson,alan32@example.net,E!3MLZMrrF
Martha,Wong,dianagarza@example.com,@9!_VEO0mf
Devin,Martinez,raymond95@example.org,@c%9z7Hys9
Jenna,Hicks,rosarioscott@example.com,%SA+Kz%ii1
Roger,Robertson,uli@example.net,9xS1pBIIK)
Spencer,Leblanc,xcollier@example.org,7k6((LSw+l
Samantha,Levine,phill@example.org,162GVkDlf)
Megan,Johnson,kevinjohnson@example.net,v!^8Rh(Vim
Janet,Zavala,avelazquez@example.net,_23PrFAesE
Eric,Miranda,browndanielle@example.com,#57&%7XosT
Randy,Mcdaniel,psheppard@example.org,eq5PHgr^O%
David,Garcia,lisa31@example.net,nM9UrN^tr$
Denise,Ramsey,william14@example.com,x3W2rRPF*I
Theresa,Long,dennissweeney@example.org,i+5AmhdZPZ
Teresa,Haynes,marythomas@example.org,^2SDxF%_CP
Andrew,Brown,athompson@example.net,35Dr1ycC@e
Lynn,Casey,matthewparker@example.com,l0xCtws6@m
Jenny,Porter,gabriela22@example.org,2G@Z7Qf(EA
Robert,Davis,christopher14@example.net,)$GqkfKUG4
John,Walsh,meyersmisty@example.org,)9M86zRVcK
William,Gardner,mark67@example.net,%%6T7Si3_f
Joe,George,patriciawoodward@example.net,_iVumPyMj3
Amanda,Schmidt,lauradavis@example.com,Ivi8I$pT!H
Sharon,Oneal,steven33@example.com,YSZTyQH%+6
Ariel,Paul,hansenkimberly@example.org,OP_nNGEc%0
Christopher,Mcbride,gina30@example.com,17zOO5Nc@2
Edwin,Hurley,xchandler@example.net,J%9HqAqr#*
James,Johnson,mhudson@example.org,2R41LHmd^c
William,York,jacobjohnson@example.org,&H45!d#rx#
Rebekah,Hampton,randrade@example.net,jnsC1GJk*9
Christopher,Charles,wbenson@example.com,^H28JFQe4G
Mary,Munoz,robinsonjanice@example.org,V03EKcLJ+d
Rhonda,Mcclain,claymichael@example.org,#7YBTPepR3
Olivia,Jarvis,millerlaura@example.com,r%(0MhA!Ol
Tammy,Harris,ccook@example.org,oT1N6rvM)Y
Robert,Richardson,billysoto@example.org,b$Ywp*)+)7
Emily,Johnson,kburke@example.net,zC3Az+KB4+
Jason,Wright,morrisautumn@example.com,6*0Yqfcnr@
Scott,Wright,danabrown@example.net,%Y4A2Tfvgi
Bryan,Evans,brianfaulkner@example.com,O+KJy#qP_0
Lori,Hart,virginia70@example.net,%@5Srb(2y_
James,Nunez,joan80@example.org,V&)Y!nSr!1
Jose,Mcneil,davidsonalison@example.net,&fMeox@J&9
Jessica,Atkins,calderonpamela@example.com,+2IFI4j7)e
Michael,Knight,twilliams@example.com,#3)WLNCb+P
Kimberly,Sweeney,tara03@example.com,JF6wKrNX%*
Heather,Ruiz,pkelly@example.org,3@tPc5jJ!q
Joshua,Thompson,abigailsolis@example.com,b0xeFO%2+w
Grace,Cox,ashley07@example.org,O$0Gv2YpK8
Rebecca,Jones,mwilliams@example.net,_29_Vw6%3)
Candice,Burnett,deborah21@example.org,82%6GCDn0O
Nancy,Lawson,susan10@example.com,LK0(PfYn%Q
Darrell,Bradley,sgray@example.com,)P12TJdscI
Casey,Jones,anitahudson@example.com,$gWu35Bc0E
Rhonda,Wade,nadkins@example.net,!%IKgkneK4
Julie,Brooks,lberry@example.net,*36^OEBvaS
Daniel,Mcconnell,youngdiane@example.org,$Mq^t1Uz*0
Justin,Smith,yvette29@example.net,Bky(04WiQ%
Lisa,Shannon,hartstuart@example.com,_yUx26tt*6
Alexa,Christian,morrisadrian@example.org,oPa#B+TH%4
Gabriel,Arroyo,smithjessica@example.net,^#0008Mf2V
Jason,Hull,asalazar@example.com,@(wg9SicX6
Michael,Wilson,michael07@example.net,$5Ac3lK3n0
Stephanie,Evans,adamrangel@example.net,h+Ab5&XptC
Todd,Lee,hensonjulie@example.com,_dgW3tAiU7
Amber,Flores,choijohn@example.org,spZ)EQm)%4
John,Davis,jason45@example.net,+49S4sYbb$
Cynthia,Smith,corey54@example.org,%9x#1RLwrm
Ian,Greer,richard86@example.net,@A+3PjPn7^
Jaclyn,Thompson,lewisbrittany@example.org,OL5EE^5j&0
Daniel,Meyers,sarah31@example.com,!mP^s+Mi%2
Matthew,Brown,chenkatherine@example.com,nwDvwBJp@4
Peggy,Mckee,rachelcombs@example.net,_u9WVIgv!t
Traci,Clay,kara61@example.com,+pzb10X$26
Jorge,Jimenez,tammy84@example.org,#A#H(Hh8k3
Robert,Willis,alexanderchavez@example.net,p%0YEolq%!
Aaron,Daniel,ehopkins@example.org,q$03SPsw_*
Adam,Kelley,fisheradrienne@example.com,H+D6&CVt5F
Justin,Hess,patty92@example.org,0ooEZxRs(8
Justin,Owens,andrea06@example.org,+JRa8RlK9C
Joshua,Whitney,gvazquez@example.org,pg^6eN1fs(
Lori,Smith,bailey66@example.org,FA1ND7m%B!
Kim,Jones,taylorbrianna@example.org,k4k#JRn%#p
Donald,Thompson,gomezmason@example.org,*FJ2QyfqnI
Gina,Spears,triddle@example.net,WY2IoR$i^^
Joseph,Taylor,diana87@example.com,mw6UvutD(X
Jody,Delgado,austinamy@example.net,&M4FEPaxoj
Monica,Bowman,tammyedwards@example.org,%I+2#VSas8
Alicia,Adkins,ccoleman@example.org,L9G(4C6xS)
Dennis,Mayo,enunez@example.com,*)G^zUuG06
Ashley,Wilson,jonathanlong@example.net,@M0DhaHa5Y
Laura,Carson,soliselizabeth@example.com,*1R1KhftY2
Danielle,Pope,kimberly10@example.net,CZ5DDjA#$Y
Donald,Mercado,dianewilliams@example.org,$w7D2YqYPF
Stephanie,Simpson,ellishannah@example.net,Z95VUeiG^(
Frank,Murphy,mistydavis@example.net,!5aZTEyHOc
Vincent,Bautista,fleon@example.org,0XKBJaqT_j
Mallory,Good,marymarquez@example.org,$0CKUKUvM&
Eric,Snyder,sandra92@example.net,a))97HfbGg
Gregory,Smith,butlercrystal@example.org,fq8MiTVp^k
Shane,Hodges,amandawalls@example.org,25fHTwxp!I
Emily,Wang,normankeller@example.net,$$sXZ*Xl&6
Richard,Holmes,martinezwesley@example.net,#9MyX+Yxfd
Javier,James,perezdeborah@example.org,*GgS+4FdW*
Robert,Moran,danielsjames@example.com,v(9Ky@#2N4
Bryan,Avery,wwells@example.com,S9^WtjCs&4
Diana,Petersen,claudiahernandez@example.com,1T)6Pahr(M
Victoria,Marshall,amanda50@example.com,_9XcaRoltv
Blake,Lyons,peterthomas@example.org,q)%O0FmpQR
Lindsey,Schmidt,shanefrost@example.com,_g@Ht#td*7
Matthew,Goodwin,wthomas@example.org,&7WzOCTLq*
Ashley,Thompson,chapmanjoel@example.net,y!8JBbOo(K
Michelle,Page,williambradshaw@example.net,*h0HBk^7@!
Alicia,Reyes,ortizmatthew@example.org,7z!3SBWdJ1
Margaret,Davis,samuelwilliams@example.net,O402MDPf1(
Bethany,Rodriguez,saradouglas@example.com,p1YZ2@Ia#K
David,Flores,gregory49@example.net,_n3O9xHlw*
Anne,Barrett,fpalmer@example.net,NKjyQsu^*5
Andrew,Gonzalez,kerrylong@example.net,fT@KB$U*)2
Teresa,Thomas,lsawyer@example.net,&WR%Tavdn3
Logan,Hubbard,adouglas@example.com,H5rIjRh1(A
Mark,Arnold,victorhenry@example.com,)GAIbsuRA9
Cheryl,Allison,hartmanmiranda@example.com,b5n$nRlo%d
Paul,Conley,williamware@example.org,*I4EIBu(gh
Keith,Hale,curtismeyer@example.org,_Kg@5DnLty
Jared,Dickson,chelseafrazier@example.com,!an0GutED!
Michael,Carter,lawrencejaime@example.net,W83KJmMxS)
Tracey,Crane,albertbarker@example.net,%!PkHEocE4
Emily,Smith,stanleyjesse@example.net,)N20SL&k+@
Jared,Turner,davisjackie@example.net,iJt6A@Rb*J
Meghan,Hood,debrabell@example.org,!E*FFbz436
Steven,Moore,fsellers@example.org,*5%GcfH7u0
Christopher,Le,drogers@example.net,txc9X#qf()
Roger,Fuller,wisegina@example.net,%lhPv_y!00
Timothy,Nguyen,ian00@example.net,Tqk8fIA)E^
Angela,Cooper,orichard@example.net,+48mXu)!&K
Kevin,Pacheco,amckee@example.org,oTC5B$egb&
Cody,Johnson,jenkinsjonathan@example.com,(4JYQnCwmO
Mark,Schroeder,mitchelljack@example.com,G%V7LjOJVo
David,Morrison,jamesmullen@example.com,Hk0F9%Isr+
Douglas,Morales,codynorris@example.com,rK2Iix1q)b
Travis,Valenzuela,terryrobert@example.org,s09HLQtod#
Stacie,Boyd,kenneth03@example.com,E5(%X6dE%G
Molly,Ward,tanya55@example.org,245scp4x_E
Timothy,Davis,nathan61@example.com,ikrL!DRC#7
Luis,Giles,pauldaniel@example.net,bzAZ_PPa$3
Lori,Clark,karen01@example.com,+I1AAra&*G
Frank,Barker,nicolestanley@example.net,+$58GGm*%H
Allen,Yates,eric05@example.net,w$4RQNAUmd
Harold,Hill,hooperjustin@example.net,_A4vJgLEOk
Kathleen,Garcia,james11@example.net,)0KEB4SUwU
Jonathan,Wilkins,ejones@example.com,4jHO@JHv+K
Amy,Williams,palmerjill@example.org,fGg0BnqB+w
Jared,Collins,lisa88@example.com,*!y5UgM^$h
Rebecca,Vasquez,kmonroe@example.org,!3aXnpi65c
Peter,Berry,patricia71@example.com,V57FiwuN(y
Jonathan,Taylor,crodriguez@example.com,5xuuPCm^*3
Carrie,Wright,christinabenson@example.com,e#1NjwcU7k
Roy,Guerrero,oconnorsuzanne@example.net,0)Rk4_CdG0
Cynthia,James,brendarice@example.org,(9OJeThp#i
Rebecca,Payne,thomasgregory@example.org,1GSl@En9^P
Mario,Phillips,brian36@example.com,)4_FmshN2G
Gregory,Butler,lynnsilva@example.org,%7qmZ%y!W7
Cynthia,Tyler,amandanorman@example.com,X8jcN4Vg%j
Robert,Smith,blakeshannon@example.org,u@4VTZm&)g
Elizabeth,Cooper,jasoncarter@example.net,tNQ_pZas^5
Samuel,Richardson,mariah03@example.net,%01G7LK$n5
Michelle,Wolf,kathryn07@example.org,!E9mDMwbrG
Daniel,Cummings,hholmes@example.net,7j&FiQPS+8
Jessica,Wall,brian53@example.com,pn6Z#URyg_
Dawn,Cain,preed@example.com,MlwSaRGd*1
Dominique,Martin,michael91@example.com,@4_TTt7BDu
Bryan,Curry,hayeschloe@example.com,ySVZ3KDfl(
Richard,Brown,karen08@example.org,)2MkfOUQCE
Ronald,Bennett,jillgarner@example.com,iOPHjgor@3
Dan,King,stephensoncatherine@example.org,+5)d1hFvel
Charles,Young,aritter@example.net,3()6Spz!CG
Patricia,Coleman,jeffrey78@example.org,9B5QSC3y@F
Tim,Morales,waltonmadison@example.org,#ShUoK(v39
Diana,Edwards,steven61@example.net,d26c0LHaz*
Jeremiah,Webb,efarley@example.net,!_3N8qacp$
Edward,Smith,yprice@example.com,$V90lWubJ!
Tracey,James,jennifer15@example.com,&UMN)drf0O
James,Brown,glen15@example.org,s92_NXhy+#
Crystal,White,dmedina@example.com,_9B1XUFyuH
Jessica,Mcclain,michaelle@example.com,#k8SZnDhO4
Matthew,Richard,whitejames@example.net,#kGvxNack8
Michael,Sparks,xrice@example.net,n)TTe0Ch&p
Jacob,Burns,edgar87@example.com,_MFhi2s2w4
Carrie,Collins,halljustin@example.org,xGh2NC)t!7
Rebecca,Smith,mhughes@example.net,_p(7%PpvTp
Amanda,King,singletonwendy@example.org,CCa4PVww@b
Danielle,Johnston,derricksingh@example.net,&Oi@Aij6l1
Andres,Zimmerman,cooperkatherine@example.com,!T@Y!Z7ry0
Connie,Jacobs,cameronsanchez@example.com,%eE6KdAszm
Jonathan,Ferrell,shawncampbell@example.com,Lpg@6PHjU*
James,Hayden,rosalesashley@example.net,$@u5Jx)%o+
Christian,Gutierrez,vfischer@example.org,1XP1fmW#*7
Bailey,Rocha,tshepherd@example.org,L^S1IsjwuQ
Jose,Hoffman,diane38@example.com,(V0OEsorG)
Blake,Brown,williamschristine@example.net,Ts275O3j)U
Dennis,Carter,leviallen@example.net,pF+a76hp7%
Jared,Harris,archerkaren@example.org,_T!HaDAfv0
John,Johnson,jesusrandall@example.org,7sjJPTMT$o
Nathan,Sanchez,julie61@example.com,xB5k%%Bv%m
Zachary,Cohen,amber71@example.com,Y_7Cw6jQ##
Heather,Reynolds,joshuavalenzuela@example.net,4mJdlGND&v
Stephanie,Young,zrichards@example.net,(p00Oog9ZB
James,Johnson,oconner@example.com,f*6aOXx_d@
Bryan,Haynes,julian79@example.net,As3IRvRZ^P
Joseph,Bradshaw,millerchristopher@example.net,)yI5pUyt44
Anthony,Scott,john06@example.com,Q+q3BShf()
Jacqueline,Nguyen,williamking@example.com,or&8UCn+Ut
Jessica,Martinez,wstewart@example.org,%Z6nBt!k$n
Christopher,Sloan,deboraharroyo@example.com,!OD%43Co2)
Cristian,Reid,madelinehenderson@example.org,y16HOl^q(k
Jake,Lee,nicole57@example.net,^f5B9tPzJX
Ryan,White,cervantestodd@example.net,(W*Ak&vXc9
Timothy,Lewis,qgarcia@example.net,l&#8UdiSPw
Robin,Gonzalez,marie01@example.com,JzAggR_t&5
Chad,Monroe,twilkins@example.org,PJ6&LhDf%b
Tyler,Lindsey,wrightmichael@example.org,%^+l1HHem9
Mark,Garcia,brownmark@example.com,DI^*xEv_$0
Sarah,Foster,millerdanielle@example.org,P96SyMe6+@
Joel,Barron,amanda38@example.com,_c3*dQ%bB8
Johnny,Burton,danielhernandez@example.com,M^1OqNq(Qf
Christian,Williams,thull@example.com,q!y89I0UNv
James,Evans,sandrasmith@example.com,Am5UHFK#v!
Frederick,Martin,matthewruiz@example.com,5HA7FvL4!(
Louis,Lang,scottwelch@example.org,e_A8FEfr@*
Paul,Leblanc,jim70@example.net,*WVvlJGn$2
Melanie,Adams,kevin35@example.org,c+1EUoHW)b
Michelle,Burns,tiffany66@example.net,vqvk2Ue)Q+
Bryan,Davis,gregorylevy@example.net,D(c2OACs1Y
April,Taylor,eric55@example.com,@7*LvRtl7d
Zachary,Howard,rebecca63@example.com,#g9fDNojYz
Shane,Hodge,pricesara@example.com,!dJ%7QnBBB
Charles,Edwards,uherrera@example.net,@aeiwAaE67
Evan,Stewart,myersjames@example.com,6b5dZMc5N%
Alan,Brady,kylejohnson@example.org,oY24#NRph*
Don,Johnson,michele77@example.net,^BLfjFdbP0
David,Collins,faithflowers@example.net,r6+6JU6l@C
Melissa,Prince,ikelley@example.org,jQ^0XKpvG3
William,Ross,nguyenkimberly@example.com,^Bk82*LlZH
Craig,Fowler,hfreeman@example.org,)vT9U10th7
Lori,Bradley,fholmes@example.net,qmUkNj1)@4
Richard,Salas,ebrennan@example.net,!_7AdjYVRU
Jacqueline,Zhang,scottmartinez@example.org,j6yELrrd*8
Kari,Long,klittle@example.net,&DV7FHog6r
Steven,Jones,bellelizabeth@example.com,*g4VoKrwD%
Deborah,Stephens,sherri27@example.com,y$7XkCsf24
Lee,Smith,twilliams@example.org,Xwr2Sbuz)8
Tammy,Freeman,uperry@example.com,#p93Xxvai6
Michael,Stewart,dannybrown@example.net,*C0TUtnqTT
Jennifer,Frye,garciaelizabeth@example.net,rO9BvFW6!$
Randy,Sims,ytaylor@example.org,h!smi0Sh6h
Mary,Clark,nancy77@example.net,3RXP9Z#z_K
Lisa,Snyder,mccormicknicholas@example.net,lc7t7Vj7(D
Amanda,Hampton,sandraroy@example.org,a)$5bpRb5q
John,Lowe,kevinrivas@example.com,!5PxyIzY*t
Deanna,Patterson,kmontes@example.com,*83EgTVv3p
Crystal,Henson,kbeltran@example.net,n@0nXJnuaK
Robert,Terry,oalvarez@example.com,X7N*pgMr$i
Timothy,Williams,randallnichols@example.com,_4kNXil%eD
Albert,Graham,davidlindsey@example.org,$19UGuyS+G
Margaret,Gutierrez,cheryldunn@example.net,(UHLqUVp^0
Alexis,Williams,rschroeder@example.net,V9WsWX#^(A
Michael,Mcdonald,ghansen@example.com,O9!6nZVsY_
Jacqueline,Stevenson,leederrick@example.org,fg&3MzCG&%
William,Salas,jennifersmith@example.org,#o^8aAqk(n
Todd,Mcdaniel,amartinez@example.org,ef3(3Ys8d&
Jason,Moore,robinsonmaria@example.org,o*Z6W9Tq2_
Andrew,Mcmillan,mary71@example.com,f%I4&Q9ayd
Wanda,Hall,zpark@example.com,Th4GG21y_a
Thomas,Cox,charlesmann@example.net,Z9Z9+juL*o
Catherine,Lee,amandagoodman@example.com,L!4Km%v4qx
Jessica,Martinez,nicole26@example.com,%z@0Ru#wSq
Melissa,Smith,ccarney@example.com,0K58rMzH@d
Anthony,Oconnor,davisjason@example.com,DY1OaymV#A
Andrew,Patton,anthony41@example.org,2bR+@xzP$+
Michael,Wolf,blopez@example.org,W$fc)4SdUu
Lisa,Palmer,hughesrhonda@example.com,%mGHI^je#6
Jenny,Jensen,nwelch@example.org,U59%40zR)X
Julia,Saunders,sheliarandall@example.net,^&Ml_YsX1B
Carla,Lambert,robertmitchell@example.com,zcRX0xNd#5
Diana,Wiggins,michellebaxter@example.com,0f(9W9vIg3
Tyler,Case,zwallace@example.org,F8xWN+dc!H
Gerald,Cooper,mcmillantimothy@example.com,4^j*r0LfgM
Gabriel,Burns,danny70@example.com,+5Kq#xUyGg
Carrie,Ryan,geraldjones@example.net,^4qebwNZgF
Paige,Kelly,tclark@example.com,6X#H2LIdY0
Robert,Lee,phillipsshirley@example.com,Gj@1QZvLRW
Gregory,Greene,sullivanjason@example.org,0MWjpqVf#D
Samantha,Bradley,palexander@example.net,%4$6Jan%)8
Sonya,White,james39@example.com,yjv3TGFnA$
Nicholas,Griffin,jamesrichardson@example.org,8*&iGr4n*v
Hector,Dyer,ericksonadrian@example.com,9jR)nUy5*l
David,Reed,johnfriedman@example.org,@2Fg1L&zp)
Kevin,Hampton,khill@example.org,)NAdC)5n4v
Ruben,Griffin,croy@example.com,$9cTCIp%*b
Sabrina,Campbell,vasquezjesus@example.org,56sRpmIp@7
Zachary,Hart,martinthomas@example.org,t7#33DGwMK
Robert,Perez,markhernandez@example.net,0*a3bVo6X^
Cindy,Friedman,edwardsmonica@example.org,X!!7rmBwa2
David,Osborne,pmeadows@example.org,@6G&bOr5ll
Patrick,Pacheco,kurtphillips@example.org,+!S&Lfg#26
Tammy,Sullivan,williamstanley@example.com,W^#0VU1d(o
James,Payne,brandon43@example.net,C$&B1C#iuz
Jessica,Hill,woodsamber@example.net,e9Z$C^mq^Q
Amber,Huber,whitneybuckley@example.com,%iKo6$Ip!6
Donald,Rhodes,danielle35@example.com,srDeqhJM(5
Nathaniel,Allen,tom35@example.org,4KQQkTws#E
Ryan,Cook,mford@example.org,4P6HNSesg+
Michael,Richards,jessicachavez@example.org,b!8QqCbL5L
Emily,Lawson,teresa18@example.org,C*^(2JQq!f
Miguel,Franco,mitchelldaniel@example.net,24!ZoUec%Q
Kyle,Kline,john26@example.com,_x0M*Un^H+
Ashley,Wheeler,tholmes@example.org,7!3G)9Enbp
Jacqueline,Patterson,jessicafox@example.net,&+s0wxTotA
Leslie,Long,michael20@example.net,_5(B(2Nw1q
Jennifer,Martinez,johngoodwin@example.com,&m_$FzW!!1
Diane,Peters,georgeward@example.org,s#g7_Jui$8
Paul,Rose,burnettjonathan@example.com,&!c5EY#y24
Kenneth,Thomas,smithchristian@example.org,)@pTJqL8d5
Sandra,Johnson,ntucker@example.com,&6MeN8JHj3
Tracy,Rogers,imurphy@example.net,)qc4#Zii_N
Lauren,Roberts,gracestone@example.net,#6lCES6gsO
Alyssa,Gonzales,erica40@example.com,ua+6YBpcqF
Brittany,Mcmahon,tinabailey@example.net,46@YZHd*%!
Leah,Davis,otorres@example.net,6RL3IMVi#n
Jacob,Johnson,christina11@example.net,Y&ZGbQ4t!3
Stephanie,Williams,reginaldedwards@example.org,!r2X)F3bkW
Ryan,Miller,charlesclark@example.com,LC6ZZm_^(J
Natalie,Tyler,melissamcclure@example.org,)rcRU9rb2)
Christopher,Diaz,denise39@example.com,*+QZ2Ad)*p
Jessica,Buckley,paul23@example.org,#6ZWJnww^c
Sydney,Orr,april01@example.net,k!sZ4+Jw2q
Kristen,Nichols,jgriffin@example.com,$7y@0Y&w!(
Jeffrey,Roberts,dawsonshelly@example.com,g5EyZ8Mb_W
Nicholas,Washington,vgonzalez@example.net,c1Ric$tx)C
Donald,Davies,ncurry@example.com,^LG&%6qAI8
Melissa,Barrett,ashleypennington@example.org,8n30DW0nT%
Amanda,Garza,gary24@example.com,$92HBDdlgw
Edward,Webb,conwaymark@example.com,@9LP_EuQyA
Amber,Lewis,sheacynthia@example.org,+$M1HrIlF^
Dawn,Ford,sarabenson@example.org,yoh7NWwu#s
Dylan,Evans,davidgilbert@example.net,z9SLQCuj+e
Leslie,Cruz,omiller@example.com,N)N8@7Yw#D
Stephanie,Murphy,mayselizabeth@example.net,$2f^)IBxOv
Zachary,Phillips,christopherrodriguez@example.net,d%z4Io(J^R
Cole,Stanley,huntkaren@example.net,r7HZEi&T+V
Chad,Williams,rebecca35@example.net,Q$!8NB&sQd
William,Cooper,nrogers@example.com,!5RHUBbkxO
Christian,Walls,davidrodriguez@example.net,IE+8THastZ
Johnathan,Christensen,staylor@example.net,591A%Ris(L
Jennifer,Brown,maurice47@example.org,Cl3GKxhm$e
Julia,Banks,jennifer36@example.net,$xWNVzFtJ2
Brian,Pope,cromero@example.com,^WLWIrYoH0
Hannah,Rollins,derek60@example.com,$1YcNaN1wm
David,Dyer,amandakline@example.net,DXL2ZiZJ_T
Seth,Clarke,fmartin@example.com,$!V1zPyOb)
Marcia,Phillips,haydenjennifer@example.com,FJ(1ZYupJ&
Beverly,Garcia,lwoods@example.org,n+il19(tUL
Robert,Dixon,cmorales@example.com,)^#92ReO$e
Lauren,Robinson,jessica38@example.com,K7!1vVuakS
Karen,Howell,amberwright@example.com,78X2+BUt*U
Danielle,Wagner,robinsonvalerie@example.net,&)IkHdi1D9
Maurice,Jenkins,kingeugene@example.com,&9kA14Ii*f
Amanda,Norman,spencestephen@example.net,@WB7NYKfW+
Melissa,West,adrian55@example.com,ksx*B7JlQB
James,Le,wangeddie@example.org,azQv)UYi!1
Steven,Patrick,katherinefrench@example.com,+O2jQCNy46
Morgan,Wilson,angela75@example.net,+G7CDhroe+
Amanda,Hahn,lbrooks@example.org,vz8IkiR8V_
Jason,Henderson,nancy55@example.net,)cSM9V2i2s
Henry,Gaines,caitlinburke@example.com,X*i1_SvkGD
Patrick,Chavez,jason32@example.org,n(2LM)pkcw
Ryan,Simmons,pclayton@example.com,ycd+9NFqp)
Nicole,Estrada,phyllisjohnson@example.net,fn4BsIqZm!
Samantha,White,sheri91@example.com,h8JwYSum&+
Raymond,Martinez,murphydaniel@example.net,eu1TzWEb#Z
Kristopher,Smith,donna94@example.com,g@0x%GDjtD
Vicki,Cole,johnbrown@example.com,(6ghOuQ&bo
Michael,Stanton,brownsusan@example.org,p2#SGeev$m
Keith,Brown,davismatthew@example.net,@+s05Gr(u+
James,Jackson,atorres@example.com,1F+0)zPn&^
William,Pugh,hflynn@example.org,)McM07TcBQ
Mary,Johnson,nancycaldwell@example.com,95D866f(#*
Sarah,Grant,tgriffin@example.com,)3U%x0yT!W
Christian,Parsons,cwilson@example.org,!G4&Jh9q^D
Alexander,Maldonado,jasoncollins@example.net,8bGDu9O!+j
Katie,Johnson,sprice@example.com,%)5Eckt@VD
Sarah,Smith,emily16@example.net,Z^E5EyOgqO
Danielle,Thompson,bhansen@example.com,G##595Gm&n
Dennis,Porter,jbennett@example.org,SAA)4oUsAU
Courtney,Grant,schwartzian@example.com,_Y1W8f@l%5
Kathryn,Mann,rkim@example.com,P20BjVnm(@
Jennifer,Hernandez,dlewis@example.net,vf*6SkE0!1
Karen,Smith,lmcdaniel@example.org,gkS9_QtvW$
Annette,Hamilton,zford@example.org,rQ&4rLv&ev
Bruce,Alvarez,jillduke@example.org,)7JtReCoaL
Richard,Wilson,zdoyle@example.net,a@2XCo60!w
Jeffrey,Ware,martinkathryn@example.net,W!*1d7Yp8j
Jason,Stevenson,johnsoncolleen@example.net,nX&CwUmg!7
Jaime,Martin,mark37@example.net,!2T&Q+DosA
Katelyn,Harris,tammycarpenter@example.net,zr7U9Dhb%H
Edwin,Johnson,caseelizabeth@example.net,s3RIX7Ww#c
Sheri,Gilbert,heathermorales@example.com,O07BELjn%d
Jessica,Schmitt,kevin23@example.net,&5$xGMcC6b
Katherine,Davis,sherricunningham@example.com,p7&mVU7u$7
John,Franklin,ugarcia@example.org,%64D!SVzw(
Frank,Evans,cobbchristopher@example.com,pPb7(S4lR_
Thomas,Jones,matthewhanson@example.com,qu1Iiwis^A
Christopher,Murillo,daisythompson@example.net,bEVQ)7k9+3
Cynthia,Poole,yolandaperez@example.net,+03H59d1(^
Sean,Miller,bryanweaver@example.com,$p9$UlJ_8k
Christopher,Davis,robinsontina@example.com,(@09FUtySI
Alyssa,Robinson,karenallen@example.com,B8WYhOHh*Z
Julie,Morales,srobinson@example.org,)Kf0Si%pjC
Jeff,Quinn,nduffy@example.com,*&67KA)t^1
Tiffany,Anderson,nsilva@example.org,+KNqV5SYr4
Gary,Torres,karla08@example.com,!lQVRWDRq3
Jeffrey,Moss,myersandrew@example.com,y9D8PKTc(#
Michael,Lamb,flemingchristian@example.org,_Se6wL#m92
Peter,Smith,munozmark@example.com,$2V%*%UeX^
Jeffrey,Carrillo,davidbryant@example.com,sQ1k)4Nxf+
Margaret,Anderson,kyoung@example.net,D6tGd0Dgb(
Robert,Pennington,david28@example.net,9^80kh4mcD
David,Rivera,franklintrevor@example.org,Xj*1N8PmDQ
Jacqueline,Woods,kyu@example.com,!%4LY4pgPX
Ryan,Herring,ronaldlee@example.com,Xl#LxKPs&6
Maria,Everett,johnsonann@example.net,^BW4$DEqi3
Richard,Brown,dawnowens@example.net,_28o2R1$$g
Jeffrey,Mullen,briannawatkins@example.net,&j&*LyId$5
Dominique,Sims,raymegan@example.net,SSd%Z9Mnz4
Sheila,Williams,faith14@example.com,Yde3bRl(y#
Darlene,Petersen,sylviamckinney@example.org,B+Z(0&cuSP
Anna,Martinez,courtneysharp@example.com,&WW_emwNt3
David,Carpenter,steven44@example.net,(12GtwuNe0
Sabrina,Esparza,krystal46@example.com,Y*9Q2WcV(m
Christopher,Wagner,fisherkari@example.net,q%u2sbJw7U
Patrick,Blake,vwolfe@example.org,@Ia6UKz18T
Shane,Bennett,caitlinmoran@example.org,L*9*jHNt*@
Robin,Campbell,matthewblack@example.com,O093BJjj@N
Samantha,Henderson,tony84@example.org,^F!AQ7g$c7
Jean,Rose,jenniferbrown@example.com,*m3RMs)&T#
Mary,Hill,littlesusan@example.net,$!xZa14m*0
Jerry,Wells,jasonthomas@example.com,@M(+15h0+$
Julie,Morgan,jeffrey49@example.org,#07G&icO^P
Steven,Garcia,austin49@example.net,4*E7ZhS!!#
Robert,Williams,eatondennis@example.com,nxjFcro4)3
Kathryn,Thompson,jessicacole@example.org,@5SS$2+jNA
Amy,Reynolds,stephen48@example.net,iU6QC13d)x
Latoya,Meyer,greenkyle@example.com,08Uos%hV@7
Shannon,Douglas,courtney75@example.org,o^8sJX$DFd
Matthew,Austin,hodgesrobert@example.net,JG6Q1Chj8&
Arthur,Bond,levymatthew@example.net,oPg*8Mt9Nj
John,Gonzalez,youngreginald@example.net,*G5KCm*ta^
Debra,Medina,lawrencebriggs@example.com,ThLpsOQD#1
Brenda,Gonzalez,jamescurry@example.org,u6HLP9dm*s
Stephanie,Peck,garnerbrandon@example.org,OP@6Q+XdO^
Keith,Jackson,ygreene@example.com,C@QTz1ac%0
Matthew,Thomas,nathanleach@example.net,c5QAAZ+d!o
Carol,Graham,lovekelsey@example.net,*v1Vtd5tjU
Kathryn,Larson,sgreen@example.org,)oDs&1KxHa
Christine,Craig,sarahsmith@example.net,JuAo!dkv*2
Lisa,Ramos,rjordan@example.net,^ndNCYxQ)5
Kyle,Brown,xmahoney@example.net,lslJMwj^&4
Michael,Bell,burkekevin@example.net,sG1UfAjKE_
Nicholas,Hogan,richard48@example.com,a^99_Nwu(3
Tammy,Johnson,evansmall@example.com,@19EmD(d1%
Thomas,Mcdonald,shaun49@example.org,(6Ha5LRq^Y
Shaun,Ramsey,petersonjimmy@example.org,n@aM7DPzsq
Paul,Myers,victoria42@example.net,8@0jDsxo&G
Dylan,Clements,cgarcia@example.org,g%E6DVxv%O
Jennifer,Atkins,miguel83@example.com,9LXbKLHw#1
Erika,Gomez,wesley24@example.org,d@4tGliMJa
Eric,Long,jenniferfranklin@example.com,KF96mhsig*
William,Holmes,morganshaun@example.com,R^3ImtRD@H
Shelly,Henderson,tracy56@example.org,_ANVq1#!3h
Julian,Dean,joseph51@example.net,fQx$2BXzsZ
Kristy,Page,brian45@example.org,Qp11Nvzy)w
Alicia,Jones,myerspatrick@example.net,(8aPp7Pfkg
Steven,Gamble,greenedward@example.net,$v2Y^vuyB%
Keith,Wallace,robertsmeghan@example.org,mp&G40VkHn
Michael,Nguyen,fwright@example.com,f@(U58Xh1e
Brittany,Banks,jonathanstrickland@example.net,#SFnJ#OnY7
Marc,Potter,leejames@example.net,(8yZYmzkDJ
Hannah,Fox,jennifertaylor@example.com,%c(Lzn@#4u
Megan,Griffith,debra20@example.org,HZKt3)Zq#C
James,Fitzpatrick,dweber@example.org,$_T7Fnyv74
Nicholas,Morris,kdavis@example.com,i4)G8TngS!
Antonio,Blackburn,guzmanscott@example.com,Y*5DnXf__O
Dustin,Garcia,xmarshall@example.org,23%EiXjO)I
Jacob,Carter,ismith@example.net,J!6Pyp6Dif
Kenneth,Mcdaniel,stephen39@example.com,)O36tHUmr5
Kimberly,Smith,hreynolds@example.org,^)jX4ZOv)M
Derek,Green,candice05@example.net,%OKi1k$#1N
Erica,Johnson,joshua85@example.net,rC47gX*vB#
Michael,Thomas,nicholewhitney@example.net,5zIeonaV$2
Jennifer,Alvarado,marksimpson@example.org,&%k9OMim#v
Justin,Miller,tvillegas@example.org,L9QVdhR+(K
Erica,Lane,ganderson@example.com,zC4V@ehc+g
Charles,Davis,danielpreston@example.com,3cEq04Cjz&
Paul,Smith,wadechelsea@example.com,#L0nsXhcPG
Michael,Solis,brandygriffin@example.net,9T5q$H8u^%
Brian,Arnold,williamskaitlyn@example.com,soV5JiBX3$
Karen,White,carlsonstephen@example.com,0dlW+Oq@@4
Katherine,Acosta,jmeyer@example.org,$koy4T6QE1
Nicole,Kaiser,patriciasalazar@example.com,68^9DUJl$3
Brandon,Stevens,jennaharrison@example.net,&5TpkUqfas
Alyssa,Taylor,kelly03@example.net,S+7PQ^cJ!d
Cindy,Dunlap,isaiahsexton@example.org,M*9_TOWud!
Amy,Payne,stevensrichard@example.com,g4&E8NVaEb
Shannon,Anderson,tluna@example.net,Q6KOrB*m%$
James,Sullivan,mooreanthony@example.net,D%EV4Xps)+
Stanley,Bailey,fwilliams@example.org,p&33Ruxb7^
Kathleen,Weaver,davidshaw@example.net,b^0tHe$s#4
Erika,Harrison,xlewis@example.net,#Xdi4xdqK6
Tonya,Stokes,angelakirby@example.net,k8KmPUqt^1
Brooke,Johnson,jwatkins@example.com,^s7YZvBG8a
Amanda,Moore,rsullivan@example.org,i30jEy1N^n
Russell,Wright,susan78@example.com,HKN5HWTo!1
George,Quinn,hkennedy@example.org,lX^)U8p1n#
Ryan,Hughes,nathan83@example.net,W5qyeHjt$Y
Alexander,Costa,robbinsjason@example.com,$CJb2!kk9f
Sara,Richmond,beckerdennis@example.com,#+Y9YU0cmc
Tracy,Chang,jonathancampbell@example.net,I57Oe)ge^a
Brittney,Daniel,katrinamartin@example.com,Yj8Pvq+c)^
Allison,Davis,kimberlycarroll@example.net,XKY7M5pM*V
Michael,Flores,jonestim@example.com,)3)!Qluamm
Ashley,Miller,cstewart@example.com,)4TxRiNYl+
Kathryn,Davenport,rebecca44@example.org,+0FU)DwJ%&
Katherine,Miller,fholden@example.net,(3LVU2xi4U
Amy,Webster,tsanchez@example.com,#jgLjUsv#0
Nathan,Bennett,epeck@example.com,m7@TS#&0)B
Carol,Sullivan,cgregory@example.net,_%4!rHwNfx
Douglas,Lee,uparker@example.com,#8(KdBzz4O
Anthony,Aguilar,taylor49@example.net,q_c4WY_jkL
Spencer,Carter,manntimothy@example.com,*DqXdMKQv2
Joshua,Johns,natashathompson@example.net,wcVrD^EJ*9
Breanna,Phillips,dmccarthy@example.org,qdJ2d9Ak%b
Virginia,Marquez,ekirk@example.org,%lN5WJy%)y
Duane,Knight,oibarra@example.net,_r1bHLxma7
Sarah,Duncan,johnsonjanet@example.net,@u#67Ovqms
Mark,Brown,shanemontes@example.net,^^s*RnJrH4
Lori,Jackson,lorrainerussell@example.net,1T73TZuwU#
Catherine,Barton,ronaldmitchell@example.org,(EhOlS2T42
Dustin,Guerrero,angel83@example.com,)1lWk^JV6)
Jessica,Randall,robertcummings@example.com,S78$8XvzUA
Margaret,Chan,kevinhernandez@example.net,g$9XaBFv)q
Margaret,Johnson,kjohnson@example.net,kH2rNK!pF&
Kelly,Hall,staciehall@example.net,v6Hb3Zm5%q
Michael,Bell,ygonzalez@example.net,)d^X0Ny5l7
Robin,Bryan,kkirk@example.com,Gy6idtLFG$
Michael,Boyd,hbenjamin@example.net,DI48FsCft(
Tyler,Koch,hernandezadam@example.com,OSZCfPt!@5
Todd,Peters,vballard@example.com,(2CMUxdZ#(
Krystal,Murphy,vedwards@example.com,a9w0ZHGq_2
Peter,Wagner,gibbssean@example.org,M(2(LtaL+(
Thomas,Williams,antoniogibbs@example.com,fp2N&Uya^^
Charles,Lawrence,danny21@example.org,!WIbB2xv81
Shelly,King,penaholly@example.com,0w58gBKw7*
Ashley,Fields,grayamanda@example.net,)8NRmu0Z8T
Justin,Contreras,shannon66@example.org,kD+5IbelFX
David,Hall,john50@example.org,ujDJ4hvh#4
Christopher,Cook,llynch@example.com,F0HZyg$A&6
Robin,Lamb,whitepatricia@example.net,X&b54DfIP@
Matthew,Martinez,scotthernandez@example.org,9EC00c2c*A
Pamela,Becker,goodwinryan@example.net,8(Px)qEt(e
Julie,Foster,cesar89@example.org,oJU8Xol_7!
Stephanie,Robinson,haley19@example.org,iQWRc@5l+3
Brandon,Mclaughlin,jonesrichard@example.org,M)pg0Rsoo)
Jerry,Reyes,jenniferstout@example.org,$_dF2Jlo5Y
Susan,Williams,kimberlyhart@example.org,^M7VMSozTk
Jessica,Williams,patricia20@example.net,$WXUJ_mcJ3
Jonathan,Pierce,zlynch@example.net,bYR776vuz%
Vanessa,Bolton,james59@example.com,Gd5ELts#q#
James,Berger,osbornerandall@example.com,9d+7JSfVzN
Jared,Jensen,juliawilliams@example.org,u+*^1L*yhG
Joseph,Adkins,raymondjennifer@example.net,j6XQvaTh(T
Robert,James,victoriajoyce@example.net,#3Wj@BJiAl
Julia,Austin,owenscarl@example.net,#ROJUO!gj2
Jeffrey,Orozco,marshalldanielle@example.com,%2QZ_Fw%^N
Louis,Castaneda,charles11@example.net,h_Oz4R)h^j
Robert,Short,twatkins@example.net,&XmcEjer*9
Joshua,Henderson,arthurrobinson@example.net,#N5NBBsx1c
Amy,Martinez,aaustin@example.com,+0mN4tmu+R
Kristen,Garcia,richardgarcia@example.net,^4qMjh9%fE
William,Mcgee,yparrish@example.org,+8GD$CktdK
Jennifer,Crawford,hoganjohn@example.org,3bWPCR*f^c
Pamela,Wilson,brittneykaufman@example.net,#7cEAikRfx
Amanda,Sawyer,pray@example.com,I4G6GgDf_!
Tamara,Goodman,ray80@example.com,)2aQNTBc^h
Ricky,Beck,matthewhaley@example.com,@7wJtN(U)f
Alexandra,Smith,patricia41@example.com,0Iv#VIo2^Z
Sophia,Wright,schultznicholas@example.net,Ut!7!DCyz(
John,Hicks,nicholas52@example.org,N1cj%bpv!F
Kristi,Carter,zgonzales@example.org,l9O5RDyAv(
Jessica,West,lisa08@example.com,!MW!WWKdw1
Susan,Fields,vbryant@example.net,9dCAXi+y*n
Amy,Hill,katie96@example.org,We9q8R&lx$
Danielle,Allen,xlong@example.com,+lQ0PKme8n
Richard,Gardner,stokesjeff@example.org,(1ELnIuOgy
David,Martinez,toni40@example.org,^mP%VtrhL4
Steven,Lee,joseph88@example.net,7e6LSl!v!3
Denise,Brown,marvin77@example.net,uC86wBod_I
Gerald,Pennington,davidmendez@example.net,ywd)%7JkiY
Jonathan,Becker,wayne72@example.net,*34Mntqa63
Kerry,Ellis,april33@example.net,8pB)ZnBO!@
Roberta,Wright,thomasbaker@example.com,(Or9)D^qXa
Steven,Mills,myersjoseph@example.org,eV!^^Lq%@7
Mario,Ross,douglasdrake@example.org,9383^Mvmo%
Alan,Ortiz,wrightdanielle@example.com,^z)2Rk$Z9i
Tara,Phillips,daniel68@example.org,+kmzNp2pD5
Christina,Atkins,hbennett@example.net,$io1sNub3$
Brittany,Castro,vlewis@example.org,a5G2F@ts+O
James,Miller,ryanrobbins@example.org,S!83SRdWd4
Kathryn,Terrell,michaela45@example.net,_L4MQGch)f
Michelle,Hughes,xcox@example.com,p_v7Blv!9t
Ronald,White,lyu@example.com,#1XalsX)&V
Dale,Richardson,xdiaz@example.net,7En2IwQ0@Y
Denise,Sanders,james31@example.org,Vx^E92Kimv
Eric,Roberts,lauren76@example.org,mqA4YIMmI!
David,Gibbs,ashley90@example.com,x0!3hPzrn(
Edward,Rivera,anthonybianca@example.com,DX2AH2uBw(
Brian,Moreno,tracy59@example.org,f8B$jZy0&l
Sergio,Davis,inguyen@example.net,RWFMrxeX)6
Chad,Gutierrez,felicia88@example.org,p9!k^XDy&Z
Colleen,Woods,jessicadaugherty@example.net,%JWi@Wb8z0
Jacqueline,Kelly,kristin19@example.com,#43^YtzS&+
Levi,Morrison,basskaitlyn@example.net,q7RUacvh#l
Danielle,Nelson,debbie14@example.com,X9AcbDLb*s
Lisa,Stevens,griffinjordan@example.net,kp$1_3Avym
Rachel,Henderson,fmcdaniel@example.org,_6Z7^JGief
Katherine,Knox,colton70@example.com,(7Z0wvX)IK
Lance,Rich,ehiggins@example.org,r4NegrIO(g
Sharon,Alexander,brianedwards@example.com,Aj9SF*wC+o
James,Leonard,parsonskevin@example.net,qoCGc7RH)1
Lindsey,Davis,hwebster@example.net,#2cQdt0W^a
Michael,Jackson,gentryerica@example.org,V8Tr9jEe&n
Alex,Fields,yjensen@example.net,#Wjc&VVwC4
Tracey,Good,rebeccamyers@example.net,#076HIlup5
Karen,Rowe,josephmcbride@example.com,cySR(YOh$3
Bobby,Castillo,austinmurray@example.org,^8ZJcBGf!9
Yvonne,Smith,zpowell@example.com,I&@X4NAjPN
Alan,Jennings,kayla60@example.org,j1k$J4HjQB
Catherine,Lewis,robert85@example.net,y)+2G#fwB0
Rachel,Baker,vbutler@example.org,LN0q&1BnyV
Stacey,Fernandez,kingcarrie@example.com,+riT^xeup1
Chase,Gross,erineverett@example.net,)2AXn7Qu&K
Michael,Mendez,bryanstevenson@example.org,$DgDaxLrV7
Roberto,Torres,donald13@example.org,(y*S+7Vom%
Denise,Day,justin35@example.com,*(0Yl497h8
Jessica,Flynn,dodsonjohn@example.com,)+U9DQf50&
Dennis,Torres,frances56@example.net,%0FXzPodjE
Scott,Stewart,jessica05@example.net,!U&2D9r^8(
Michael,Yates,robin33@example.org,Q(7PSG+sXn
Richard,Kelly,kristenjohnson@example.com,vJ$&3QLw%i
Trevor,Bell,robert03@example.com,dtsVJH9f_2
Robert,Lewis,jgibbs@example.net,3A16XB$ab!
Michael,Stewart,psilva@example.org,(eiVO$fO&6
Mark,Smith,mhansen@example.com,rfA1^ZOey_
Allison,Davidson,sjones@example.net,bxBapUzK)8
Mary,White,erikalee@example.net,9+8VEzXB8#
Amy,Barton,emilyspencer@example.org,#8D1yykw0#
Pamela,Davis,jonesmaria@example.com,ajSVKtrB*9
Nathaniel,Nash,moorefrances@example.org,(U1Zthui2*
Leslie,Sanchez,cthompson@example.net,O_n4yDr#zX
Nicolas,Wolf,robertburns@example.com,7bRI@uQN+(
Jeffrey,Perez,imartinez@example.org,bJ6YMgxh8&
Andre,Mccormick,sergioduarte@example.net,aA^5UgyvQJ
Jessica,Giles,thomasadams@example.org,K4F2ui@7(r
Jon,Martinez,melissaharrison@example.org,Lx9OHHOm0!
Andrew,Vargas,zperez@example.net,!8DhKDKr6N
Melissa,Hancock,elizabethlopez@example.net,_4WZjoM6f5
Angela,King,vchapman@example.org,m#o9)F^pBZ
Joshua,Moore,bradleylin@example.org,us8K1y)m)!
Peggy,Santiago,david85@example.net,HO0JenAe*(
Eric,Smith,karina27@example.com,N&4c8CMho#
Jennifer,Owen,imills@example.com,hX7Fi38M_O
John,Taylor,klewis@example.net,jj7ALJeH(V
Jennifer,Mitchell,kimberlyrios@example.com,_0xELs@*zU
Jason,Cooper,jeremyburnett@example.com,2e)6DZXke6
Paul,Smith,wsanchez@example.org,+(NtgciF48
Haley,Bailey,melissa58@example.com,5^Lx7Slcz@
Jill,Colon,villegaskari@example.net,%0tJceBgcb
Vincent,Davenport,clarkadam@example.org,1@9IJyvubz
Kenneth,Shaw,pinedatracy@example.org,D4hPPzAG)z
Teresa,Thompson,fmorrison@example.net,$6GrjHhV$0
Alexandra,Nelson,melissasanders@example.com,XsD)ID^L*4
Jason,Green,arthur29@example.com,(8eYmhBZ7z
Erika,Jones,lharrell@example.org,H&78SxTu#)
Pamela,Jones,yrichard@example.net,Q)A6W!hB+q
Amanda,Brown,jessicaking@example.com,O^p3V4SmYv
Elizabeth,Herrera,jaime68@example.org,#7I@Xg*osh
Monica,Moore,poolemelissa@example.net,4^2HYzsX!0
April,Jordan,cheyenne44@example.net,HRHs2i9fk*
John,James,ldavis@example.net,#IFTfgiKl7
Ryan,Burch,dblack@example.org,@8gLluBv9X
Tracy,Sanders,jessica00@example.org,ifI#6WxeDV
Tara,Watson,derekmelendez@example.org,%r6eDhyyt6
Jennifer,Pierce,simmonsjonathan@example.net,@n@m2LeYQ2
Michele,Cruz,iaguirre@example.net,)5BhzCSlb$
Rhonda,Rollins,john24@example.org,)%E4ZTkw(O
Michael,Porter,adamscaitlyn@example.net,Lv9lQoKf@*
Jennifer,Hernandez,dnoble@example.net,63(^VUcv$q
Susan,Taylor,gravesbrian@example.org,NWw6)FSto+
Angela,Smith,andreburns@example.net,UX2U&9qn(@
Kelly,Carr,muellerkyle@example.org,gn@m0S#i6!
Jon,Bradley,bradleywilson@example.org,#u)0Jg^o#!
Brittany,Boyer,anthonyjeffrey@example.org,(DU@a)qTL7
Brian,Cox,reginaclay@example.org,1u2RaNf7n$
Brittany,Grant,evan21@example.com,SWZsG9Zb&k
Alicia,Mendoza,steve59@example.com,!y57Kbi3c9
Sarah,Clark,xspencer@example.org,03)v0OgM$A
Austin,Solis,smithcarolyn@example.net,t)4zoJSem_
Hunter,Soto,lowerybrenda@example.org,)5JDyEmkW+
Robin,Murphy,felicia08@example.com,Tby@7Y&_#5
Bianca,Smith,rblack@example.org,d(6QfvC1Df
Ethan,Heath,marciaandrews@example.org,p)141Oyl5T
Jennifer,Phillips,cramirez@example.com,(1^JA*qgJ+
Paul,Moore,tararyan@example.com,LvT56Ef)N^
Jenna,Chen,wgarcia@example.net,x$G7O!KtQ*
Mark,Horn,austinwilson@example.net,u*n32QjAam
Jeffrey,Singleton,nmyers@example.org,d8Uh8EJs@H
Christopher,Guzman,uroberts@example.net,4I8Gx6vKP_
Alicia,Hernandez,matthewmoyer@example.net,9$2BRfcvux
Jacqueline,Smith,richard42@example.org,@r93JVec+6
Shane,Herrera,marvin48@example.org,gx!1X)Kr*J
Brenda,Johnson,krista88@example.org,P^c4IBdt2$
Jeffrey,Colon,robersonamy@example.org,39rP_eLe(q
Cody,Anderson,hartbrian@example.com,r298BwqH*n
Tyler,Aguilar,shelby99@example.com,!jbcNsmPO7
Marcus,Clark,michaelbrown@example.net,$4dA!QxKwR
Deanna,Burnett,petercurry@example.net,VW4LcOZbY$
William,Hines,kristinenglish@example.com,_1dTYih#7k
Rachel,Foster,lisahall@example.net,A6x0Y6Rf%)
Robert,Martin,martineztyler@example.org,*5Z)Jz60oh
Alexis,James,amber73@example.org,%H3cL^7at+
Heidi,Riley,dawnthomas@example.com,F5*IvMkQ*A
Craig,Thompson,scottgarrett@example.net,j@*X3VCs9#
Shaun,Lam,ronaldflores@example.net,ha1Dy5u!$3
John,Martinez,kevinfox@example.org,C+Z5NOlgON
Gloria,Lewis,youngsonya@example.net,*IAT2jdxi6
Megan,Burgess,srodriguez@example.com,BFR6WGmg$L
Grant,Kelly,alex02@example.com,(bFBc!@B9g
Heather,Smith,cassandramccullough@example.net,l3Fw3^B@!+
Tammy,Morse,amberwang@example.net,CwcZV5y3(3
Daniel,Williams,gina02@example.org,2l86JGVdh+
Alexis,Crane,romerobrett@example.org,ZPUa3#z@Q+
David,Brown,thompsonjennifer@example.net,%p1rTwL^(3
John,Best,joshua03@example.org,N5nMZSE()k
Alexandra,Miller,oortiz@example.com,V)6KgHxHBP
Ashley,Sanchez,andrewjacobson@example.net,T&c3Lmwvgd
Lauren,Hall,chavezwilliam@example.org,1O9FG0usn_
Matthew,Wilson,ronaldthompson@example.org,7vYeJaVg#7
Timothy,Spencer,schneidershawn@example.net,#crgMFXv_8
Mary,Richardson,jacksonjimmy@example.net,8b69ZTyY&n
Frank,Butler,dstewart@example.net,*07T3fcdHc
Kelly,Esparza,freemangary@example.org,)3+W@wej2X
Todd,Gomez,sarah33@example.com,fx06IEj4(P
Ann,Thomas,longvictoria@example.net,)jB8YxX*P&
Bryan,Adams,elizabethbrown@example.com,8u)4UFwgX)
Joseph,Brown,marquezchristine@example.net,!rEzTebY+6
Joseph,Elliott,rodney74@example.net,_MZg5KwcQC
Jacqueline,Serrano,johnsonangela@example.com,I_l9URfDzs
Jessica,Arnold,mschmitt@example.com,(AZla8QlU0
Dustin,Holland,mlozano@example.org,hg8@3Ada0l
Mckenzie,Cox,nealhannah@example.net,t!8S0U0mI$
Daniel,Martinez,stewartsamantha@example.org,+yLcAa&@J6
Elizabeth,Baker,perryamanda@example.net,Vh7N!dWoE@
Lauren,Gross,ashleymaldonado@example.com,)h#D@5PktE
Jennifer,Brewer,turnerscott@example.net,$jP*LPqz*6
Kelly,Reynolds,santossarah@example.com,$&71nSba4Y
Sheri,Cordova,khanadam@example.net,@@V#h2^T01
Anna,Woodward,dsantana@example.org,Z^8!H$Sy&i
Lindsay,Martin,warrenlaurie@example.com,_vg2EvTI4_
Lisa,Clark,sonyaruiz@example.net,+2P#lU9^Fq
Andrew,Dudley,rrichard@example.org,7G7SH9a^Y)
James,Cantrell,sharongonzalez@example.org,@7$6QI@ksB
Christine,Jones,reedgrant@example.com,De@v1Mv@xF
Jasmine,Spencer,leeedgar@example.org,77RjgR_l@9
Christopher,Jones,baileymichael@example.net,$1GJtrBtJx
Timothy,Franklin,fsmith@example.org,0AC1uIib!Y
Wesley,Williams,kevans@example.org,%aB2N16gNp
Kimberly,Brown,richardsonvirginia@example.com,7^N2xeO)+8
Ruben,Green,hbarker@example.com,&@3!%9Lm!5
Marissa,Tyler,wilsonjoshua@example.com,^%1+vlQeG(
Michael,Mitchell,williamowen@example.com,w(15@cTe4w
Daniel,Gibson,mejiaeric@example.org,U)2P$Xt#eq
Robert,Brady,larryjohnson@example.net,_2oK^w!mWx
Ariel,George,swade@example.net,#6YsDp+x_f
Denise,Nguyen,kennethmorton@example.com,_94nDyyEVX
Angela,Vaughn,juanwoods@example.org,!IGn(5Bdz5
Carolyn,Simpson,feliciashaw@example.org,(GSHUR@wo0
Robert,Lee,ggallegos@example.net,oR9EWf7p@*
Corey,Morse,gabriella98@example.net,^leAEdwK5s
Damon,Lynch,whitneychapman@example.net,@3@^yQO7!p
Allison,Nelson,dpowers@example.org,+tF7Paw4df
Vanessa,Randall,yadams@example.net,(0VpfEi)16
Tyrone,Williams,cynthiamack@example.com,$kI1W!2be4
Jill,Griffin,tristan90@example.com,@IBPOHwo5G
Nancy,Petersen,emilypeterson@example.org,TK7D)xXuR(
Angela,Perez,gregory58@example.net,1v7C#$vJ&R
Tiffany,Knight,robinsonjennifer@example.com,!&2WOZ2qI6
Tammy,Sweeney,fishermary@example.org,!Ya6UNCJq1
Maurice,Booth,joshuasmith@example.org,+6ZD3Vwsod
Paula,Moyer,bsmith@example.net,(hHlAMICC1
Becky,King,nicole42@example.com,aAyyQkmX+4
Daniel,Sutton,craigcampbell@example.net,q2GTWkJf@!
Brandy,Moreno,jermaine09@example.com,7!a93KTe4$
Rebecca,Sandoval,destiny57@example.com,7*hNT8Fd+O
James,Hebert,hsparks@example.org,&I4)GkxOxx
Ryan,Evans,kathleen82@example.org,#@sTha09*1
Danielle,Barnett,rebecca34@example.org,*3YrFVyu1Q
Marcus,Berry,tcalderon@example.com,1R8EFUe5#s
Allen,Williams,connie05@example.com,pdwX_0UaBa
Mary,Sweeney,gwendolynallison@example.net,)3wKGgqHdL
Keith,Rogers,douglasbarry@example.com,5_2oXJxnkN
Elizabeth,Anderson,tyler78@example.com,SRY!U(zu%9
Adam,Johnson,michael53@example.org,IN(!1EChN6
Beth,Pollard,kaylamedina@example.net,MVyiT2s7_2
Michael,Le,mbrown@example.org,p@6Mg8QzoI
Selena,Nichols,hendersonbrian@example.net,L(93&iGh*v
Wendy,Ramirez,laraalexander@example.com,v*3$C+wC+L
Robert,Pruitt,lewiscristina@example.com,Cu&8MAfnzU
John,Perez,elizabethduarte@example.com,1V9KcHd^^m
Ashley,Davis,sarah64@example.net,#2PsROU14O
Jacob,Davis,timothy38@example.com,MjewL5M5j@
Stephen,Livingston,tyler83@example.com,sDsv6ut)g_
Richard,Stone,milleralexandra@example.org,_iXEtL0iA6
Travis,Brady,daniel70@example.org,!eyknWbtm4
David,Lopez,lindseyhenderson@example.org,F$KC0WYbZn
Pamela,Marquez,ajones@example.org,tyQww)B+&1
Jeremiah,Gallagher,omyers@example.com,%8L$Hzs1d^
Johnny,Lambert,wallstephanie@example.net,&LH!pFjs93
Raymond,Rogers,hernandezregina@example.org,+i&UX0OwZF
Kyle,Allen,morriscarl@example.net,OQ9KnK7m0(
Cody,Anderson,dforbes@example.net,(suHRpTuJ1
Michael,Myers,maryrice@example.com,)Y1dVCwgH9
Elizabeth,Williamson,smithalan@example.org,*oxPzM6mE3
Jordan,Cunningham,kathleen95@example.net,Hvr#1NOsE)
Jeffrey,Haynes,yolandahenson@example.net,0cHGZot6_F
Gabriel,Garner,qfields@example.net,@o5kQe@xny
Heather,Olson,johnsonjohn@example.net,_Lw8NG$6m0
Jason,Roberts,ian05@example.net,7lZoI1q*&n
Christina,Rodriguez,bgallagher@example.org,@JJhe)r)T7
Henry,Valdez,brendamcclure@example.org,c#n$6BJnh%
Lawrence,Woods,marshalllucas@example.net,0Gmg^Jev^M
Cynthia,Costa,juan51@example.net,pe^3bBqj+5
Stephen,Clark,jproctor@example.com,+cyYJpH8j5
Mark,Williams,stephanieraymond@example.net,$RexRFeQ1g
Lauren,Wilson,jacob34@example.org,rXQj5wq1!2
Mary,Cummings,crawfordrichard@example.org,r)m6J&4i#c
Amanda,Gay,manderson@example.net,4^pWNGtS(2
Paige,Johns,joshua34@example.net,x@61YaFM!h
Cody,Hodge,danielle45@example.org,&(GdOYq!4Y
Nathaniel,Sandoval,egutierrez@example.net,@x1iWVbcy#
Cory,Edwards,caseycarlson@example.org,ez%j_2A1B%
Juan,Wilson,johnsonjack@example.net,5W1*2hNviB
Michael,Jenkins,fedwards@example.net,kR9Na)Vc_N
Christie,Gregory,gonzalezdouglas@example.net,nf4It75FR$
Maria,Kim,jennifer55@example.net,27t7MU8c@d
David,Perez,shannon87@example.net,PU)SZU(m)0
Christopher,Martinez,csuarez@example.net,0ni4G*9d&y
Emily,Oliver,copelandjoshua@example.com,CCgzM9Rq%^
James,Delacruz,tmartin@example.com,$mBi+eVx06
Tracy,Torres,lgarcia@example.org,#!Z&43yE4W
Tom,Marquez,romanchristian@example.net,HgG5MO&z+R
Michael,Thompson,nwest@example.net,((G0R7UoRt
Edward,Hudson,wpierce@example.org,$V4HT6cWnh
Gary,Roberts,taylorscott@example.com,)0NOj5Udqn
Dennis,Henry,matthew52@example.org,A9fqXsMb(F
Andrea,Lewis,deborahcruz@example.org,!r4BQzE0ql
Mark,Molina,david29@example.com,+tB3PCoFLZ
James,Sullivan,michael00@example.com,d134Ho&a3+
Kimberly,Harris,james66@example.com,%z7AqWuWS&
Audrey,Gardner,heather24@example.org,@6WiIot2N4
Jeffrey,Nunez,tarabell@example.org,1gSQQxQx()
Jason,Nelson,gravescody@example.net,co8Let&w*0
Matthew,Reynolds,marymorris@example.net,%)Yo9SpsDB
Kyle,Evans,bsweeney@example.net,^N*CL@llB0
Derek,Morris,hawkinstracy@example.org,@0Cvqtx%V0
Steven,Williams,raymondvega@example.com,LljAiJ(K%2
Dawn,Mccarthy,kromero@example.com,6HM*c8Wl$Z
Alexander,Martin,todd94@example.net,nt54LuYZP*
Scott,Davis,robertedwards@example.net,^6ryS#lFQz
Katherine,Riley,walkercarla@example.org,Nh%23RiOG&
Ethan,Moore,llowery@example.com,*p#8x#HiBx
Catherine,Thomas,desireehowell@example.org,)0(d2gGc9b
Jason,Proctor,whitejesus@example.org,)+bmXma4@1
Karina,Quinn,kimberlysmith@example.net,yhC53Lut@D
Christina,Contreras,thomas40@example.net,t&ih4Ne7BO
Nicholas,Lynn,thomasball@example.net,Z)@4PFGxmb
Jonathan,Yang,melindakim@example.com,F51GBwMv!*
Brad,Stone,williamsmichael@example.net,^YxFWBTsP5
Samuel,Stone,gmontgomery@example.com,00HnPrvI)!
Kaylee,Moore,rklein@example.org,5xUAz^gu^2
Warren,Lewis,millerjohn@example.org,#^b8bQu$U_
Benjamin,Green,denniscraig@example.org,b$Oo0TdT2^
David,Gill,dhiggins@example.com,Quf%6Ud8ty
Robert,Mooney,scottcindy@example.com,^PXss%XiW5
Jessica,Armstrong,gregorybullock@example.com,y4EZmVyJ(L
